Calories,Activity,Id,ActivityDay,,,
1985,04-12-2016,1503960366,04-12-2016,12,607,0
1797,13-04-2016,1503960366,4/13/2016,4,30,
1776,14-04-2016,1503960366,4/14/2016,4,,
1745,15-04-2016,1503960366,4/15/2016,4,,
1863,16-04-2016,1503960366,4/16/2016,4,,
1728,17-04-2016,1503960366,4/17/2016,4,,
1921,18-04-2016,1503960366,4/18/2016,4,,
2035,19-04-2016,1503960366,4/19/2016,4,,
1786,20-04-2016,1503960366,4/20/2016,4,,
1775,21-04-2016,1503960366,4/21/2016,4,,
1827,22-04-2016,1503960366,4/22/2016,4,,
1949,23-04-2016,1503960366,4/23/2016,4,,
1788,24-04-2016,1503960366,4/24/2016,4,,
2013,25-04-2016,1503960366,4/25/2016,4,,
1970,26-04-2016,1503960366,4/26/2016,4,,
2159,27-04-2016,1503960366,4/27/2016,4,,
1898,28-04-2016,1503960366,4/28/2016,4,,
1837,29-04-2016,1503960366,4/29/2016,4,,
1947,30-04-2016,1503960366,4/30/2016,4,,
1820,05-01-2016,1503960366,05-01-2016,1,,
2004,05-02-2016,1503960366,05-02-2016,2,,
1990,05-03-2016,1503960366,05-03-2016,3,,
1819,05-04-2016,1503960366,05-04-2016,4,,
1959,05-05-2016,1503960366,05-05-2016,5,,
1896,05-06-2016,1503960366,05-06-2016,6,,
1821,05-07-2016,1503960366,05-07-2016,7,,
1740,05-08-2016,1503960366,05-08-2016,8,,
1819,05-09-2016,1503960366,05-09-2016,9,,
1859,05-10-2016,1503960366,05-10-2016,10,,
1783,05-11-2016,1503960366,05-11-2016,11,,
0,05-12-2016,1503960366,05-12-2016,12,,
1432,04-12-2016,1624580081,04-12-2016,12,,
1411,13-04-2016,1624580081,4/13/2016,4,,
1572,14-04-2016,1624580081,4/14/2016,4,,
1344,15-04-2016,1624580081,4/15/2016,4,,
1463,16-04-2016,1624580081,4/16/2016,4,,
1554,17-04-2016,1624580081,4/17/2016,4,,
1604,18-04-2016,1624580081,4/18/2016,4,,
1435,19-04-2016,1624580081,4/19/2016,4,,
1446,20-04-2016,1624580081,4/20/2016,4,,
1467,21-04-2016,1624580081,4/21/2016,4,,
1470,22-04-2016,1624580081,4/22/2016,4,,
1562,23-04-2016,1624580081,4/23/2016,4,,
1617,24-04-2016,1624580081,4/24/2016,4,,
1492,25-04-2016,1624580081,4/25/2016,4,,
1402,26-04-2016,1624580081,4/26/2016,4,,
1670,27-04-2016,1624580081,4/27/2016,4,,
1401,28-04-2016,1624580081,4/28/2016,4,,
1404,29-04-2016,1624580081,4/29/2016,4,,
1655,30-04-2016,1624580081,4/30/2016,4,,
2690,05-01-2016,1624580081,05-01-2016,1,,
1497,05-02-2016,1624580081,05-02-2016,2,,
1334,05-03-2016,1624580081,05-03-2016,3,,
1368,05-04-2016,1624580081,05-04-2016,4,,
1370,05-05-2016,1624580081,05-05-2016,5,,
1341,05-06-2016,1624580081,05-06-2016,6,,
1474,05-07-2016,1624580081,05-07-2016,7,,
1427,05-08-2016,1624580081,05-08-2016,8,,
1328,05-09-2016,1624580081,05-09-2016,9,,
1393,05-10-2016,1624580081,05-10-2016,10,,
1359,05-11-2016,1624580081,05-11-2016,11,,
1002,05-12-2016,1624580081,05-12-2016,12,,
3199,04-12-2016,1644430081,04-12-2016,12,,
2902,13-04-2016,1644430081,4/13/2016,4,,
3226,14-04-2016,1644430081,4/14/2016,4,,
2750,15-04-2016,1644430081,4/15/2016,4,,
3493,16-04-2016,1644430081,4/16/2016,4,,
3011,17-04-2016,1644430081,4/17/2016,4,,
2806,18-04-2016,1644430081,4/18/2016,4,,
3300,19-04-2016,1644430081,4/19/2016,4,,
2430,20-04-2016,1644430081,4/20/2016,4,,
2140,21-04-2016,1644430081,4/21/2016,4,,
2344,22-04-2016,1644430081,4/22/2016,4,,
2677,23-04-2016,1644430081,4/23/2016,4,,
2413,24-04-2016,1644430081,4/24/2016,4,,
2497,25-04-2016,1644430081,4/25/2016,4,,
3123,26-04-2016,1644430081,4/26/2016,4,,
2489,27-04-2016,1644430081,4/27/2016,4,,
3108,28-04-2016,1644430081,4/28/2016,4,,
2498,29-04-2016,1644430081,4/29/2016,4,,
3846,30-04-2016,1644430081,4/30/2016,4,,
2696,05-01-2016,1644430081,05-01-2016,1,,
2580,05-02-2016,1644430081,05-02-2016,2,,
3324,05-03-2016,1644430081,05-03-2016,3,,
2222,05-04-2016,1644430081,05-04-2016,4,,
2463,05-05-2016,1644430081,05-05-2016,5,,
3328,05-06-2016,1644430081,05-06-2016,6,,
3404,05-07-2016,1644430081,05-07-2016,7,,
2987,05-08-2016,1644430081,05-08-2016,8,,
3008,05-09-2016,1644430081,05-09-2016,9,,
2799,05-10-2016,1644430081,05-10-2016,10,,
1276,05-11-2016,1644430081,05-11-2016,11,,
2030,04-12-2016,1844505072,04-12-2016,12,,
1860,13-04-2016,1844505072,4/13/2016,4,,
2130,14-04-2016,1844505072,4/14/2016,4,,
1725,15-04-2016,1844505072,4/15/2016,4,,
1657,16-04-2016,1844505072,4/16/2016,4,,
1793,17-04-2016,1844505072,4/17/2016,4,,
1814,18-04-2016,1844505072,4/18/2016,4,,
1366,19-04-2016,1844505072,4/19/2016,4,,
1349,20-04-2016,1844505072,4/20/2016,4,,
2062,21-04-2016,1844505072,4/21/2016,4,,
1827,22-04-2016,1844505072,4/22/2016,4,,
1645,23-04-2016,1844505072,4/23/2016,4,,
1347,24-04-2016,1844505072,4/24/2016,4,,
1347,25-04-2016,1844505072,4/25/2016,4,,
1347,26-04-2016,1844505072,4/26/2016,4,,
1348,27-04-2016,1844505072,4/27/2016,4,,
1992,28-04-2016,1844505072,4/28/2016,4,,
1856,29-04-2016,1844505072,4/29/2016,4,,
1763,30-04-2016,1844505072,4/30/2016,4,,
1541,05-01-2016,1844505072,05-01-2016,1,,
1348,05-02-2016,1844505072,05-02-2016,2,,
1742,05-03-2016,1844505072,05-03-2016,3,,
1549,05-04-2016,1844505072,05-04-2016,4,,
1589,05-05-2016,1844505072,05-05-2016,5,,
1351,05-06-2016,1844505072,05-06-2016,6,,
1347,05-07-2016,1844505072,05-07-2016,7,,
1347,05-08-2016,1844505072,05-08-2016,8,,
1347,05-09-2016,1844505072,05-09-2016,9,,
1347,05-10-2016,1844505072,05-10-2016,10,,
1347,05-11-2016,1844505072,05-11-2016,11,,
665,05-12-2016,1844505072,05-12-2016,12,,
2220,04-12-2016,1927972279,04-12-2016,12,,
2151,13-04-2016,1927972279,4/13/2016,4,,
2383,14-04-2016,1927972279,4/14/2016,4,,
2221,15-04-2016,1927972279,4/15/2016,4,,
2064,16-04-2016,1927972279,4/16/2016,4,,
2063,17-04-2016,1927972279,4/17/2016,4,,
2111,18-04-2016,1927972279,4/18/2016,4,,
2063,19-04-2016,1927972279,4/19/2016,4,,
2063,20-04-2016,1927972279,4/20/2016,4,,
2064,21-04-2016,1927972279,4/21/2016,4,,
2093,22-04-2016,1927972279,4/22/2016,4,,
2499,23-04-2016,1927972279,4/23/2016,4,,
2324,24-04-2016,1927972279,4/24/2016,4,,
2100,25-04-2016,1927972279,4/25/2016,4,,
2638,26-04-2016,1927972279,4/26/2016,4,,
2063,27-04-2016,1927972279,4/27/2016,4,,
2351,28-04-2016,1927972279,4/28/2016,4,,
2063,29-04-2016,1927972279,4/29/2016,4,,
2064,30-04-2016,1927972279,4/30/2016,4,,
2411,05-01-2016,1927972279,05-01-2016,1,,
2505,05-02-2016,1927972279,05-02-2016,2,,
2195,05-03-2016,1927972279,05-03-2016,3,,
2338,05-04-2016,1927972279,05-04-2016,4,,
2063,05-05-2016,1927972279,05-05-2016,5,,
2383,05-06-2016,1927972279,05-06-2016,6,,
2229,05-07-2016,1927972279,05-07-2016,7,,
2063,05-08-2016,1927972279,05-08-2016,8,,
2063,05-09-2016,1927972279,05-09-2016,9,,
2063,05-10-2016,1927972279,05-10-2016,10,,
2063,05-11-2016,1927972279,05-11-2016,11,,
1383,05-12-2016,1927972279,05-12-2016,12,,
2390,04-12-2016,2022484408,04-12-2016,12,,
2601,13-04-2016,2022484408,4/13/2016,4,,
2312,14-04-2016,2022484408,4/14/2016,4,,
2525,15-04-2016,2022484408,4/15/2016,4,,
2177,16-04-2016,2022484408,4/16/2016,4,,
2782,17-04-2016,2022484408,4/17/2016,4,,
2770,18-04-2016,2022484408,4/18/2016,4,,
2489,19-04-2016,2022484408,4/19/2016,4,,
2897,20-04-2016,2022484408,4/20/2016,4,,
3158,21-04-2016,2022484408,4/21/2016,4,,
2638,22-04-2016,2022484408,4/22/2016,4,,
2069,23-04-2016,2022484408,4/23/2016,4,,
2529,24-04-2016,2022484408,4/24/2016,4,,
2470,25-04-2016,2022484408,4/25/2016,4,,
2793,26-04-2016,2022484408,4/26/2016,4,,
2463,27-04-2016,2022484408,4/27/2016,4,,
2296,28-04-2016,2022484408,4/28/2016,4,,
2611,29-04-2016,2022484408,4/29/2016,4,,
2732,30-04-2016,2022484408,4/30/2016,4,,
2380,05-01-2016,2022484408,05-01-2016,1,,
2473,05-02-2016,2022484408,05-02-2016,2,,
2752,05-03-2016,2022484408,05-03-2016,3,,
2649,05-04-2016,2022484408,05-04-2016,4,,
2609,05-05-2016,2022484408,05-05-2016,5,,
2498,05-06-2016,2022484408,05-06-2016,6,,
1995,05-07-2016,2022484408,05-07-2016,7,,
1848,05-08-2016,2022484408,05-08-2016,8,,
2709,05-09-2016,2022484408,05-09-2016,9,,
2797,05-10-2016,2022484408,05-10-2016,10,,
2544,05-11-2016,2022484408,05-11-2016,11,,
1853,05-12-2016,2022484408,05-12-2016,12,,
1459,04-12-2016,2026352035,04-12-2016,12,,
1521,13-04-2016,2026352035,4/13/2016,4,,
1431,14-04-2016,2026352035,4/14/2016,4,,
1444,15-04-2016,2026352035,4/15/2016,4,,
1373,16-04-2016,2026352035,4/16/2016,4,,
1214,17-04-2016,2026352035,4/17/2016,4,,
1419,18-04-2016,2026352035,4/18/2016,4,,
1356,19-04-2016,2026352035,4/19/2016,4,,
1667,20-04-2016,2026352035,4/20/2016,4,,
1370,21-04-2016,2026352035,4/21/2016,4,,
1399,22-04-2016,2026352035,4/22/2016,4,,
1916,23-04-2016,2026352035,4/23/2016,4,,
1401,24-04-2016,2026352035,4/24/2016,4,,
1576,25-04-2016,2026352035,4/25/2016,4,,
1595,26-04-2016,2026352035,4/26/2016,4,,
1593,27-04-2016,2026352035,4/27/2016,4,,
1649,28-04-2016,2026352035,4/28/2016,4,,
1692,29-04-2016,2026352035,4/29/2016,4,,
1506,30-04-2016,2026352035,4/30/2016,4,,
1447,05-01-2016,2026352035,05-01-2016,1,,
1690,05-02-2016,2026352035,05-02-2016,2,,
1604,05-03-2016,2026352035,05-03-2016,3,,
1658,05-04-2016,2026352035,05-04-2016,4,,
1926,05-05-2016,2026352035,05-05-2016,5,,
1736,05-06-2016,2026352035,05-06-2016,6,,
1491,05-07-2016,2026352035,05-07-2016,7,,
1555,05-08-2016,2026352035,05-08-2016,8,,
1869,05-09-2016,2026352035,05-09-2016,9,,
1141,05-10-2016,2026352035,05-10-2016,10,,
1698,05-11-2016,2026352035,05-11-2016,11,,
1364,05-12-2016,2026352035,05-12-2016,12,,
2124,04-12-2016,2320127002,04-12-2016,12,,
2003,13-04-2016,2320127002,4/13/2016,4,,
1696,14-04-2016,2320127002,4/14/2016,4,,
1801,15-04-2016,2320127002,4/15/2016,4,,
1724,16-04-2016,2320127002,4/16/2016,4,,
1852,17-04-2016,2320127002,4/17/2016,4,,
1905,18-04-2016,2320127002,4/18/2016,4,,
1811,19-04-2016,2320127002,4/19/2016,4,,
1922,20-04-2016,2320127002,4/20/2016,4,,
1610,21-04-2016,2320127002,4/21/2016,4,,
1851,22-04-2016,2320127002,4/22/2016,4,,
1804,23-04-2016,2320127002,4/23/2016,4,,
1725,24-04-2016,2320127002,4/24/2016,4,,
1654,25-04-2016,2320127002,4/25/2016,4,,
1632,26-04-2016,2320127002,4/26/2016,4,,
1481,27-04-2016,2320127002,4/27/2016,4,,
1473,28-04-2016,2320127002,4/28/2016,4,,
1410,29-04-2016,2320127002,4/29/2016,4,,
1779,30-04-2016,2320127002,4/30/2016,4,,
1403,05-01-2016,2320127002,05-01-2016,1,,
1613,05-02-2016,2320127002,05-02-2016,2,,
1878,05-03-2016,2320127002,05-03-2016,3,,
1426,05-04-2016,2320127002,05-04-2016,4,,
1780,05-05-2016,2320127002,05-05-2016,5,,
1742,05-06-2016,2320127002,05-06-2016,6,,
1972,05-07-2016,2320127002,05-07-2016,7,,
1821,05-08-2016,2320127002,05-08-2016,8,,
1630,05-09-2016,2320127002,05-09-2016,9,,
1899,05-10-2016,2320127002,05-10-2016,10,,
1903,05-11-2016,2320127002,05-11-2016,11,,
1125,05-12-2016,2320127002,05-12-2016,12,,
2344,04-12-2016,2347167796,04-12-2016,12,,
2038,13-04-2016,2347167796,4/13/2016,4,,
2010,14-04-2016,2347167796,4/14/2016,4,,
2133,15-04-2016,2347167796,4/15/2016,4,,
2670,16-04-2016,2347167796,4/16/2016,4,,
1882,17-04-2016,2347167796,4/17/2016,4,,
1944,18-04-2016,2347167796,4/18/2016,4,,
2346,19-04-2016,2347167796,4/19/2016,4,,
2198,20-04-2016,2347167796,4/20/2016,4,,
2048,21-04-2016,2347167796,4/21/2016,4,,
1946,22-04-2016,2347167796,4/22/2016,4,,
2629,23-04-2016,2347167796,4/23/2016,4,,
2187,24-04-2016,2347167796,4/24/2016,4,,
2095,25-04-2016,2347167796,4/25/2016,4,,
1861,26-04-2016,2347167796,4/26/2016,4,,
2194,27-04-2016,2347167796,4/27/2016,4,,
1854,28-04-2016,2347167796,4/28/2016,4,,
403,29-04-2016,2347167796,4/29/2016,4,,
1982,04-12-2016,2873212765,04-12-2016,12,,
2004,13-04-2016,2873212765,4/13/2016,4,,
1893,14-04-2016,2873212765,4/14/2016,4,,
2063,15-04-2016,2873212765,4/15/2016,4,,
2148,16-04-2016,2873212765,4/16/2016,4,,
1529,17-04-2016,2873212765,4/17/2016,4,,
1890,18-04-2016,2873212765,4/18/2016,4,,
1956,19-04-2016,2873212765,4/19/2016,4,,
2094,20-04-2016,2873212765,4/20/2016,4,,
1970,21-04-2016,2873212765,4/21/2016,4,,
2241,22-04-2016,2873212765,4/22/2016,4,,
2021,23-04-2016,2873212765,4/23/2016,4,,
1898,24-04-2016,2873212765,4/24/2016,4,,
1907,25-04-2016,2873212765,4/25/2016,4,,
1882,26-04-2016,2873212765,4/26/2016,4,,
1966,27-04-2016,2873212765,4/27/2016,4,,
1835,28-04-2016,2873212765,4/28/2016,4,,
1780,29-04-2016,2873212765,4/29/2016,4,,
1830,30-04-2016,2873212765,4/30/2016,4,,
1739,05-01-2016,2873212765,05-01-2016,1,,
1878,05-02-2016,2873212765,05-02-2016,2,,
1906,05-03-2016,2873212765,05-03-2016,3,,
2015,05-04-2016,2873212765,05-04-2016,4,,
1971,05-05-2016,2873212765,05-05-2016,5,,
1910,05-06-2016,2873212765,05-06-2016,6,,
1897,05-07-2016,2873212765,05-07-2016,7,,
2096,05-08-2016,2873212765,05-08-2016,8,,
1906,05-09-2016,2873212765,05-09-2016,9,,
1962,05-10-2016,2873212765,05-10-2016,10,,
1826,05-11-2016,2873212765,05-11-2016,11,,
1431,05-12-2016,2873212765,05-12-2016,12,,
1788,04-12-2016,3372868164,04-12-2016,12,,
2093,13-04-2016,3372868164,4/13/2016,4,,
2065,14-04-2016,3372868164,4/14/2016,4,,
1908,15-04-2016,3372868164,4/15/2016,4,,
1908,16-04-2016,3372868164,4/16/2016,4,,
1964,17-04-2016,3372868164,4/17/2016,4,,
2014,18-04-2016,3372868164,4/18/2016,4,,
1985,19-04-2016,3372868164,4/19/2016,4,,
1867,20-04-2016,3372868164,4/20/2016,4,,
2124,21-04-2016,3372868164,4/21/2016,4,,
1669,22-04-2016,3372868164,4/22/2016,4,,
1995,23-04-2016,3372868164,4/23/2016,4,,
1921,24-04-2016,3372868164,4/24/2016,4,,
2010,25-04-2016,3372868164,4/25/2016,4,,
2057,26-04-2016,3372868164,4/26/2016,4,,
2095,27-04-2016,3372868164,4/27/2016,4,,
1972,28-04-2016,3372868164,4/28/2016,4,,
2044,29-04-2016,3372868164,4/29/2016,4,,
1946,30-04-2016,3372868164,4/30/2016,4,,
1237,05-01-2016,3372868164,05-01-2016,1,,
1450,04-12-2016,3977333714,04-12-2016,12,,
1495,13-04-2016,3977333714,4/13/2016,4,,
1433,14-04-2016,3977333714,4/14/2016,4,,
1468,15-04-2016,3977333714,4/15/2016,4,,
1625,16-04-2016,3977333714,4/16/2016,4,,
1529,17-04-2016,3977333714,4/17/2016,4,,
1584,18-04-2016,3977333714,4/18/2016,4,,
1638,19-04-2016,3977333714,4/19/2016,4,,
1554,20-04-2016,3977333714,4/20/2016,4,,
1397,21-04-2016,3977333714,4/21/2016,4,,
1481,22-04-2016,3977333714,4/22/2016,4,,
1638,23-04-2016,3977333714,4/23/2016,4,,
1655,24-04-2016,3977333714,4/24/2016,4,,
1570,25-04-2016,3977333714,4/25/2016,4,,
1551,26-04-2016,3977333714,4/26/2016,4,,
1377,27-04-2016,3977333714,4/27/2016,4,,
1407,28-04-2016,3977333714,4/28/2016,4,,
1545,29-04-2016,3977333714,4/29/2016,4,,
1650,30-04-2016,3977333714,4/30/2016,4,,
1501,05-01-2016,3977333714,05-01-2016,1,,
1760,05-02-2016,3977333714,05-02-2016,2,,
1710,05-03-2016,3977333714,05-03-2016,3,,
1628,05-04-2016,3977333714,05-04-2016,4,,
1618,05-05-2016,3977333714,05-05-2016,5,,
1590,05-06-2016,3977333714,05-06-2016,6,,
1574,05-07-2016,3977333714,05-07-2016,7,,
1633,05-08-2016,3977333714,05-08-2016,8,,
1667,05-09-2016,3977333714,05-09-2016,9,,
1630,05-10-2016,3977333714,05-10-2016,10,,
52,05-11-2016,3977333714,05-11-2016,11,,
3654,04-12-2016,4020332650,04-12-2016,12,,
1981,13-04-2016,4020332650,4/13/2016,4,,
2011,14-04-2016,4020332650,4/14/2016,4,,
2951,15-04-2016,4020332650,4/15/2016,4,,
3051,16-04-2016,4020332650,4/16/2016,4,,
1990,17-04-2016,4020332650,4/17/2016,4,,
1995,18-04-2016,4020332650,4/18/2016,4,,
1980,19-04-2016,4020332650,4/19/2016,4,,
1980,20-04-2016,4020332650,4/20/2016,4,,
1980,21-04-2016,4020332650,4/21/2016,4,,
1980,22-04-2016,4020332650,4/22/2016,4,,
1980,23-04-2016,4020332650,4/23/2016,4,,
1980,24-04-2016,4020332650,4/24/2016,4,,
1980,25-04-2016,4020332650,4/25/2016,4,,
1980,26-04-2016,4020332650,4/26/2016,4,,
1980,27-04-2016,4020332650,4/27/2016,4,,
1980,28-04-2016,4020332650,4/28/2016,4,,
1980,29-04-2016,4020332650,4/29/2016,4,,
1980,30-04-2016,4020332650,4/30/2016,4,,
1980,05-01-2016,4020332650,05-01-2016,1,,
2207,05-02-2016,4020332650,05-02-2016,2,,
2828,05-03-2016,4020332650,05-03-2016,3,,
3879,05-04-2016,4020332650,05-04-2016,4,,
3429,05-05-2016,4020332650,05-05-2016,5,,
2704,05-06-2016,4020332650,05-06-2016,6,,
2975,05-07-2016,4020332650,05-07-2016,7,,
3089,05-08-2016,4020332650,05-08-2016,8,,
2785,05-09-2016,4020332650,05-09-2016,9,,
2926,05-10-2016,4020332650,05-10-2016,10,,
2645,05-11-2016,4020332650,05-11-2016,11,,
1120,05-12-2016,4020332650,05-12-2016,12,,
2286,04-12-2016,4057192912,04-12-2016,12,,
2306,13-04-2016,4057192912,4/13/2016,4,,
1776,14-04-2016,4057192912,4/14/2016,4,,
1527,15-04-2016,4057192912,4/15/2016,4,,
2115,04-12-2016,4319703577,04-12-2016,12,,
2135,13-04-2016,4319703577,4/13/2016,4,,
2302,14-04-2016,4319703577,4/14/2016,4,,
1985,15-04-2016,4319703577,4/15/2016,4,,
1884,16-04-2016,4319703577,4/16/2016,4,,
1464,17-04-2016,4319703577,4/17/2016,4,,
1632,18-04-2016,4319703577,4/18/2016,4,,
2200,19-04-2016,4319703577,4/19/2016,4,,
2220,20-04-2016,4319703577,4/20/2016,4,,
1792,21-04-2016,4319703577,4/21/2016,4,,
1886,22-04-2016,4319703577,4/22/2016,4,,
1945,23-04-2016,4319703577,4/23/2016,4,,
1880,24-04-2016,4319703577,4/24/2016,4,,
2314,25-04-2016,4319703577,4/25/2016,4,,
2236,26-04-2016,4319703577,4/26/2016,4,,
2324,27-04-2016,4319703577,4/27/2016,4,,
2367,28-04-2016,4319703577,4/28/2016,4,,
2175,29-04-2016,4319703577,4/29/2016,4,,
2092,30-04-2016,4319703577,4/30/2016,4,,
1593,05-01-2016,4319703577,05-01-2016,1,,
2270,05-02-2016,4319703577,05-02-2016,2,,
2235,05-03-2016,4319703577,05-03-2016,3,,
2282,05-04-2016,4319703577,05-04-2016,4,,
2530,05-05-2016,4319703577,05-05-2016,5,,
2266,05-06-2016,4319703577,05-06-2016,6,,
2158,05-07-2016,4319703577,05-07-2016,7,,
1792,05-08-2016,4319703577,05-08-2016,8,,
2345,05-09-2016,4319703577,05-09-2016,9,,
2260,05-10-2016,4319703577,05-10-2016,10,,
2232,05-11-2016,4319703577,05-11-2016,11,,
257,05-12-2016,4319703577,05-12-2016,12,,
2955,04-12-2016,4388161847,04-12-2016,12,,
3092,13-04-2016,4388161847,4/13/2016,4,,
2998,14-04-2016,4388161847,4/14/2016,4,,
3066,15-04-2016,4388161847,4/15/2016,4,,
3073,16-04-2016,4388161847,4/16/2016,4,,
2572,17-04-2016,4388161847,4/17/2016,4,,
3274,18-04-2016,4388161847,4/18/2016,4,,
3015,19-04-2016,4388161847,4/19/2016,4,,
3083,20-04-2016,4388161847,4/20/2016,4,,
3069,21-04-2016,4388161847,4/21/2016,4,,
3544,22-04-2016,4388161847,4/22/2016,4,,
3306,23-04-2016,4388161847,4/23/2016,4,,
2885,24-04-2016,4388161847,4/24/2016,4,,
3288,25-04-2016,4388161847,4/25/2016,4,,
2929,26-04-2016,4388161847,4/26/2016,4,,
3074,27-04-2016,4388161847,4/27/2016,4,,
2969,28-04-2016,4388161847,4/28/2016,4,,
2979,29-04-2016,4388161847,4/29/2016,4,,
3283,30-04-2016,4388161847,4/30/2016,4,,
2926,05-01-2016,4388161847,05-01-2016,1,,
3147,05-02-2016,4388161847,05-02-2016,2,,
3290,05-03-2016,4388161847,05-03-2016,3,,
3162,05-04-2016,4388161847,05-04-2016,4,,
2899,05-05-2016,4388161847,05-05-2016,5,,
3425,05-06-2016,4388161847,05-06-2016,6,,
4022,05-07-2016,4388161847,05-07-2016,7,,
3934,05-08-2016,4388161847,05-08-2016,8,,
3013,05-09-2016,4388161847,05-09-2016,9,,
3061,05-10-2016,4388161847,05-10-2016,10,,
2954,05-11-2016,4388161847,05-11-2016,11,,
1623,05-12-2016,4388161847,05-12-2016,12,,
2113,04-12-2016,4445114986,04-12-2016,12,,
2095,13-04-2016,4445114986,4/13/2016,4,,
2194,14-04-2016,4445114986,4/14/2016,4,,
2496,15-04-2016,4445114986,4/15/2016,4,,
2180,16-04-2016,4445114986,4/16/2016,4,,
1933,17-04-2016,4445114986,4/17/2016,4,,
2248,18-04-2016,4445114986,4/18/2016,4,,
1954,19-04-2016,4445114986,4/19/2016,4,,
1974,20-04-2016,4445114986,4/20/2016,4,,
2150,21-04-2016,4445114986,4/21/2016,4,,
2432,22-04-2016,4445114986,4/22/2016,4,,
2149,23-04-2016,4445114986,4/23/2016,4,,
2247,24-04-2016,4445114986,4/24/2016,4,,
2070,25-04-2016,4445114986,4/25/2016,4,,
2291,26-04-2016,4445114986,4/26/2016,4,,
2361,27-04-2016,4445114986,4/27/2016,4,,
2203,28-04-2016,4445114986,4/28/2016,4,,
2196,29-04-2016,4445114986,4/29/2016,4,,
2363,30-04-2016,4445114986,4/30/2016,4,,
2246,05-01-2016,4445114986,05-01-2016,1,,
2336,05-02-2016,4445114986,05-02-2016,2,,
2421,05-03-2016,4445114986,05-03-2016,3,,
2070,05-04-2016,4445114986,05-04-2016,4,,
2120,05-05-2016,4445114986,05-05-2016,5,,
2211,05-06-2016,4445114986,05-06-2016,6,,
2123,05-07-2016,4445114986,05-07-2016,7,,
2423,05-08-2016,4445114986,05-08-2016,8,,
2281,05-09-2016,4445114986,05-09-2016,9,,
2181,05-10-2016,4445114986,05-10-2016,10,,
2499,05-11-2016,4445114986,05-11-2016,11,,
1212,05-12-2016,4445114986,05-12-2016,12,,
1909,04-12-2016,4558609924,04-12-2016,12,,
1722,13-04-2016,4558609924,4/13/2016,4,,
1922,14-04-2016,4558609924,4/14/2016,4,,
2121,15-04-2016,4558609924,4/15/2016,4,,
1997,16-04-2016,4558609924,4/16/2016,4,,
2117,17-04-2016,4558609924,4/17/2016,4,,
2116,18-04-2016,4558609924,4/18/2016,4,,
1876,19-04-2016,4558609924,4/19/2016,4,,
1788,20-04-2016,4558609924,4/20/2016,4,,
2486,21-04-2016,4558609924,4/21/2016,4,,
2094,22-04-2016,4558609924,4/22/2016,4,,
2085,23-04-2016,4558609924,4/23/2016,4,,
2173,24-04-2016,4558609924,4/24/2016,4,,
2225,25-04-2016,4558609924,4/25/2016,4,,
2223,26-04-2016,4558609924,4/26/2016,4,,
2098,27-04-2016,4558609924,4/27/2016,4,,
2185,28-04-2016,4558609924,4/28/2016,4,,
1918,29-04-2016,4558609924,4/29/2016,4,,
2105,30-04-2016,4558609924,4/30/2016,4,,
1692,05-01-2016,4558609924,05-01-2016,1,,
2066,05-02-2016,4558609924,05-02-2016,2,,
1953,05-03-2016,4558609924,05-03-2016,3,,
1842,05-04-2016,4558609924,05-04-2016,4,,
2262,05-05-2016,4558609924,05-05-2016,5,,
1722,05-06-2016,4558609924,05-06-2016,6,,
1973,05-07-2016,4558609924,05-07-2016,7,,
2666,05-08-2016,4558609924,05-08-2016,8,,
2223,05-09-2016,4558609924,05-09-2016,9,,
1889,05-10-2016,4558609924,05-10-2016,10,,
2131,05-11-2016,4558609924,05-11-2016,11,,
1452,05-12-2016,4558609924,05-12-2016,12,,
2947,04-12-2016,4702921684,04-12-2016,12,,
2898,13-04-2016,4702921684,4/13/2016,4,,
2984,14-04-2016,4702921684,4/14/2016,4,,
2896,15-04-2016,4702921684,4/15/2016,4,,
3328,16-04-2016,4702921684,4/16/2016,4,,
3394,17-04-2016,4702921684,4/17/2016,4,,
3013,18-04-2016,4702921684,4/18/2016,4,,
2812,19-04-2016,4702921684,4/19/2016,4,,
3061,20-04-2016,4702921684,4/20/2016,4,,
2729,21-04-2016,4702921684,4/21/2016,4,,
2241,22-04-2016,4702921684,4/22/2016,4,,
3691,23-04-2016,4702921684,4/23/2016,4,,
3538,24-04-2016,4702921684,4/24/2016,4,,
3064,25-04-2016,4702921684,4/25/2016,4,,
2784,26-04-2016,4702921684,4/26/2016,4,,
2908,27-04-2016,4702921684,4/27/2016,4,,
3033,28-04-2016,4702921684,4/28/2016,4,,
3165,29-04-2016,4702921684,4/29/2016,4,,
3115,30-04-2016,4702921684,4/30/2016,4,,
2017,05-01-2016,4702921684,05-01-2016,1,,
2859,05-02-2016,4702921684,05-02-2016,2,,
3145,05-03-2016,4702921684,05-03-2016,3,,
3004,05-04-2016,4702921684,05-04-2016,4,,
3006,05-05-2016,4702921684,05-05-2016,5,,
2859,05-06-2016,4702921684,05-06-2016,6,,
3683,05-07-2016,4702921684,05-07-2016,7,,
3287,05-08-2016,4702921684,05-08-2016,8,,
2990,05-09-2016,4702921684,05-09-2016,9,,
3172,05-10-2016,4702921684,05-10-2016,10,,
3069,05-11-2016,4702921684,05-11-2016,11,,
1240,05-12-2016,4702921684,05-12-2016,12,,
2026,04-12-2016,5553957443,04-12-2016,12,,
1718,13-04-2016,5553957443,4/13/2016,4,,
2324,14-04-2016,5553957443,4/14/2016,4,,
2254,15-04-2016,5553957443,4/15/2016,4,,
1831,16-04-2016,5553957443,4/16/2016,4,,
1397,17-04-2016,5553957443,4/17/2016,4,,
1683,18-04-2016,5553957443,4/18/2016,4,,
2284,19-04-2016,5553957443,4/19/2016,4,,
1570,20-04-2016,5553957443,4/20/2016,4,,
2066,21-04-2016,5553957443,4/21/2016,4,,
2105,22-04-2016,5553957443,4/22/2016,4,,
1776,23-04-2016,5553957443,4/23/2016,4,,
1507,24-04-2016,5553957443,4/24/2016,4,,
2033,25-04-2016,5553957443,4/25/2016,4,,
2093,26-04-2016,5553957443,4/26/2016,4,,
1922,27-04-2016,5553957443,4/27/2016,4,,
1999,28-04-2016,5553957443,4/28/2016,4,,
2169,29-04-2016,5553957443,4/29/2016,4,,
1463,30-04-2016,5553957443,4/30/2016,4,,
1747,05-01-2016,5553957443,05-01-2016,1,,
1996,05-02-2016,5553957443,05-02-2016,2,,
2116,05-03-2016,5553957443,05-03-2016,3,,
1698,05-04-2016,5553957443,05-04-2016,4,,
2156,05-05-2016,5553957443,05-05-2016,5,,
1916,05-06-2016,5553957443,05-06-2016,6,,
1494,05-07-2016,5553957443,05-07-2016,7,,
1762,05-08-2016,5553957443,05-08-2016,8,,
2272,05-09-2016,5553957443,05-09-2016,9,,
2335,05-10-2016,5553957443,05-10-2016,10,,
1693,05-11-2016,5553957443,05-11-2016,11,,
741,05-12-2016,5553957443,05-12-2016,12,,
3405,04-12-2016,5577150313,04-12-2016,12,,
2551,13-04-2016,5577150313,4/13/2016,4,,
4022,14-04-2016,5577150313,4/14/2016,4,,
4005,15-04-2016,5577150313,4/15/2016,4,,
4274,16-04-2016,5577150313,4/16/2016,4,,
4552,17-04-2016,5577150313,4/17/2016,4,,
3625,18-04-2016,5577150313,4/18/2016,4,,
3501,19-04-2016,5577150313,4/19/2016,4,,
3192,20-04-2016,5577150313,4/20/2016,4,,
4018,21-04-2016,5577150313,4/21/2016,4,,
3329,22-04-2016,5577150313,4/22/2016,4,,
3152,23-04-2016,5577150313,4/23/2016,4,,
4392,24-04-2016,5577150313,4/24/2016,4,,
3374,25-04-2016,5577150313,4/25/2016,4,,
3088,26-04-2016,5577150313,4/26/2016,4,,
3294,27-04-2016,5577150313,4/27/2016,4,,
3580,28-04-2016,5577150313,4/28/2016,4,,
3544,29-04-2016,5577150313,4/29/2016,4,,
4501,30-04-2016,5577150313,4/30/2016,4,,
4546,05-01-2016,5577150313,05-01-2016,1,,
3014,05-02-2016,5577150313,05-02-2016,2,,
3795,05-03-2016,5577150313,05-03-2016,3,,
2755,05-04-2016,5577150313,05-04-2016,4,,
3004,05-05-2016,5577150313,05-05-2016,5,,
2643,05-06-2016,5577150313,05-06-2016,6,,
1819,05-07-2016,5577150313,05-07-2016,7,,
1819,05-08-2016,5577150313,05-08-2016,8,,
2489,05-09-2016,5577150313,05-09-2016,9,,
3841,05-10-2016,5577150313,05-10-2016,10,,
1665,05-11-2016,5577150313,05-11-2016,11,,
1496,04-12-2016,6117666160,04-12-2016,12,,
1496,13-04-2016,6117666160,4/13/2016,4,,
1496,14-04-2016,6117666160,4/14/2016,4,,
2865,15-04-2016,6117666160,4/15/2016,4,,
2828,16-04-2016,6117666160,4/16/2016,4,,
2225,17-04-2016,6117666160,4/17/2016,4,,
2018,18-04-2016,6117666160,4/18/2016,4,,
2606,19-04-2016,6117666160,4/19/2016,4,,
2536,20-04-2016,6117666160,4/20/2016,4,,
4900,21-04-2016,6117666160,4/21/2016,4,,
2409,22-04-2016,6117666160,4/22/2016,4,,
2651,23-04-2016,6117666160,4/23/2016,4,,
2305,24-04-2016,6117666160,4/24/2016,4,,
1497,25-04-2016,6117666160,4/25/2016,4,,
2450,26-04-2016,6117666160,4/26/2016,4,,
2576,27-04-2016,6117666160,4/27/2016,4,,
1879,28-04-2016,6117666160,4/28/2016,4,,
2560,29-04-2016,6117666160,4/29/2016,4,,
2275,30-04-2016,6117666160,4/30/2016,4,,
2361,05-01-2016,6117666160,05-01-2016,1,,
2044,05-02-2016,6117666160,05-02-2016,2,,
1496,05-03-2016,6117666160,05-03-2016,3,,
1902,05-04-2016,6117666160,05-04-2016,4,,
2636,05-05-2016,6117666160,05-05-2016,5,,
1838,05-06-2016,6117666160,05-06-2016,6,,
2469,05-07-2016,6117666160,05-07-2016,7,,
2250,05-08-2016,6117666160,05-08-2016,8,,
1248,05-09-2016,6117666160,05-09-2016,9,,
2560,04-12-2016,6290855005,04-12-2016,12,,
2905,13-04-2016,6290855005,4/13/2016,4,,
2952,14-04-2016,6290855005,4/14/2016,4,,
2896,15-04-2016,6290855005,4/15/2016,4,,
2783,16-04-2016,6290855005,4/16/2016,4,,
3171,17-04-2016,6290855005,4/17/2016,4,,
2766,18-04-2016,6290855005,4/18/2016,4,,
2839,19-04-2016,6290855005,4/19/2016,4,,
2701,20-04-2016,6290855005,4/20/2016,4,,
2060,21-04-2016,6290855005,4/21/2016,4,,
2796,22-04-2016,6290855005,4/22/2016,4,,
2664,23-04-2016,6290855005,4/23/2016,4,,
2703,24-04-2016,6290855005,4/24/2016,4,,
2771,25-04-2016,6290855005,4/25/2016,4,,
2060,26-04-2016,6290855005,4/26/2016,4,,
2743,27-04-2016,6290855005,4/27/2016,4,,
2687,28-04-2016,6290855005,4/28/2016,4,,
2060,29-04-2016,6290855005,4/29/2016,4,,
2843,30-04-2016,6290855005,4/30/2016,4,,
3327,05-01-2016,6290855005,05-01-2016,1,,
2725,05-02-2016,6290855005,05-02-2016,2,,
2671,05-03-2016,6290855005,05-03-2016,3,,
2718,05-04-2016,6290855005,05-04-2016,4,,
2682,05-05-2016,6290855005,05-05-2016,5,,
2806,05-06-2016,6290855005,05-06-2016,6,,
2613,05-07-2016,6290855005,05-07-2016,7,,
2712,05-08-2016,6290855005,05-08-2016,8,,
2175,05-09-2016,6290855005,05-09-2016,9,,
0,05-10-2016,6290855005,05-10-2016,10,,
1841,04-12-2016,6775888955,04-12-2016,12,,
2400,13-04-2016,6775888955,4/13/2016,4,,
2507,14-04-2016,6775888955,4/14/2016,4,,
2127,15-04-2016,6775888955,4/15/2016,4,,
2225,16-04-2016,6775888955,4/16/2016,4,,
2067,17-04-2016,6775888955,4/17/2016,4,,
2798,18-04-2016,6775888955,4/18/2016,4,,
1841,19-04-2016,6775888955,4/19/2016,4,,
3727,20-04-2016,6775888955,4/20/2016,4,,
1841,21-04-2016,6775888955,4/21/2016,4,,
1922,22-04-2016,6775888955,4/22/2016,4,,
1841,23-04-2016,6775888955,4/23/2016,4,,
2053,24-04-2016,6775888955,4/24/2016,4,,
2484,25-04-2016,6775888955,4/25/2016,4,,
2584,26-04-2016,6775888955,4/26/2016,4,,
1841,27-04-2016,6775888955,4/27/2016,4,,
1993,28-04-2016,6775888955,4/28/2016,4,,
1841,29-04-2016,6775888955,4/29/2016,4,,
2280,30-04-2016,6775888955,4/30/2016,4,,
2319,05-01-2016,6775888955,05-01-2016,1,,
1841,05-02-2016,6775888955,05-02-2016,2,,
1843,05-03-2016,6775888955,05-03-2016,3,,
1841,05-04-2016,6775888955,05-04-2016,4,,
1841,05-05-2016,6775888955,05-05-2016,5,,
2496,05-06-2016,6775888955,05-06-2016,6,,
1032,05-07-2016,6775888955,05-07-2016,7,,
1994,04-12-2016,6962181067,04-12-2016,12,,
1718,13-04-2016,6962181067,4/13/2016,4,,
1466,14-04-2016,6962181067,4/14/2016,4,,
1756,15-04-2016,6962181067,4/15/2016,4,,
2173,16-04-2016,6962181067,4/16/2016,4,,
2027,17-04-2016,6962181067,4/17/2016,4,,
2039,18-04-2016,6962181067,4/18/2016,4,,
2046,19-04-2016,6962181067,4/19/2016,4,,
2174,20-04-2016,6962181067,4/20/2016,4,,
2179,21-04-2016,6962181067,4/21/2016,4,,
2086,22-04-2016,6962181067,4/22/2016,4,,
2571,23-04-2016,6962181067,4/23/2016,4,,
1705,24-04-2016,6962181067,4/24/2016,4,,
2194,25-04-2016,6962181067,4/25/2016,4,,
2012,26-04-2016,6962181067,4/26/2016,4,,
2034,27-04-2016,6962181067,4/27/2016,4,,
2182,28-04-2016,6962181067,4/28/2016,4,,
2254,29-04-2016,6962181067,4/29/2016,4,,
2002,30-04-2016,6962181067,4/30/2016,4,,
1740,05-01-2016,6962181067,05-01-2016,1,,
2162,05-02-2016,6962181067,05-02-2016,2,,
2072,05-03-2016,6962181067,05-03-2016,3,,
2086,05-04-2016,6962181067,05-04-2016,4,,
2066,05-05-2016,6962181067,05-05-2016,5,,
1850,05-06-2016,6962181067,05-06-2016,6,,
1947,05-07-2016,6962181067,05-07-2016,7,,
1659,05-08-2016,6962181067,05-08-2016,8,,
2105,05-09-2016,6962181067,05-09-2016,9,,
2361,05-10-2016,6962181067,05-10-2016,10,,
1855,05-11-2016,6962181067,05-11-2016,11,,
928,05-12-2016,6962181067,05-12-2016,12,,
2937,04-12-2016,7007744171,04-12-2016,12,,
2742,13-04-2016,7007744171,4/13/2016,4,,
2668,14-04-2016,7007744171,4/14/2016,4,,
2098,15-04-2016,7007744171,4/15/2016,4,,
2076,16-04-2016,7007744171,4/16/2016,4,,
2383,17-04-2016,7007744171,4/17/2016,4,,
2832,18-04-2016,7007744171,4/18/2016,4,,
2812,19-04-2016,7007744171,4/19/2016,4,,
3096,20-04-2016,7007744171,4/20/2016,4,,
2763,21-04-2016,7007744171,4/21/2016,4,,
2889,22-04-2016,7007744171,4/22/2016,4,,
2284,23-04-2016,7007744171,4/23/2016,4,,
2667,24-04-2016,7007744171,4/24/2016,4,,
3055,25-04-2016,7007744171,4/25/2016,4,,
2939,26-04-2016,7007744171,4/26/2016,4,,
2830,27-04-2016,7007744171,4/27/2016,4,,
2836,28-04-2016,7007744171,4/28/2016,4,,
3180,29-04-2016,7007744171,4/29/2016,4,,
2051,30-04-2016,7007744171,4/30/2016,4,,
2225,05-01-2016,7007744171,05-01-2016,1,,
2642,05-02-2016,7007744171,05-02-2016,2,,
2976,05-03-2016,7007744171,05-03-2016,3,,
1557,05-04-2016,7007744171,05-04-2016,4,,
2933,05-05-2016,7007744171,05-05-2016,5,,
2553,05-06-2016,7007744171,05-06-2016,6,,
120,05-07-2016,7007744171,05-07-2016,7,,
2772,04-12-2016,7086361926,04-12-2016,12,,
2516,13-04-2016,7086361926,4/13/2016,4,,
2734,14-04-2016,7086361926,4/14/2016,4,,
2395,15-04-2016,7086361926,4/15/2016,4,,
1635,16-04-2016,7086361926,4/16/2016,4,,
1629,17-04-2016,7086361926,4/17/2016,4,,
2743,18-04-2016,7086361926,4/18/2016,4,,
2944,19-04-2016,7086361926,4/19/2016,4,,
2997,20-04-2016,7086361926,4/20/2016,4,,
2463,21-04-2016,7086361926,4/21/2016,4,,
2846,22-04-2016,7086361926,4/22/2016,4,,
1965,23-04-2016,7086361926,4/23/2016,4,,
2049,24-04-2016,7086361926,4/24/2016,4,,
2752,25-04-2016,7086361926,4/25/2016,4,,
2781,26-04-2016,7086361926,4/26/2016,4,,
2693,27-04-2016,7086361926,4/27/2016,4,,
2862,28-04-2016,7086361926,4/28/2016,4,,
2616,29-04-2016,7086361926,4/29/2016,4,,
2995,30-04-2016,7086361926,4/30/2016,4,,
2730,05-01-2016,7086361926,05-01-2016,1,,
2754,05-02-2016,7086361926,05-02-2016,2,,
2754,05-03-2016,7086361926,05-03-2016,3,,
2655,05-04-2016,7086361926,05-04-2016,4,,
2386,05-05-2016,7086361926,05-05-2016,5,,
2924,05-06-2016,7086361926,05-06-2016,6,,
2739,05-07-2016,7086361926,05-07-2016,7,,
2534,05-08-2016,7086361926,05-08-2016,8,,
2960,05-09-2016,7086361926,05-09-2016,9,,
2800,05-10-2016,7086361926,05-10-2016,10,,
2735,05-11-2016,7086361926,05-11-2016,11,,
1199,05-12-2016,7086361926,05-12-2016,12,,
3186,04-12-2016,8053475328,04-12-2016,12,,
3140,13-04-2016,8053475328,4/13/2016,4,,
3411,14-04-2016,8053475328,4/14/2016,4,,
3410,15-04-2016,8053475328,4/15/2016,4,,
2867,16-04-2016,8053475328,4/16/2016,4,,
3213,17-04-2016,8053475328,4/17/2016,4,,
3133,18-04-2016,8053475328,4/18/2016,4,,
3114,19-04-2016,8053475328,4/19/2016,4,,
3043,20-04-2016,8053475328,4/20/2016,4,,
3103,21-04-2016,8053475328,4/21/2016,4,,
2655,22-04-2016,8053475328,4/22/2016,4,,
3554,23-04-2016,8053475328,4/23/2016,4,,
3577,24-04-2016,8053475328,4/24/2016,4,,
3403,25-04-2016,8053475328,4/25/2016,4,,
2846,26-04-2016,8053475328,4/26/2016,4,,
2852,27-04-2016,8053475328,4/27/2016,4,,
3062,28-04-2016,8053475328,4/28/2016,4,,
2794,29-04-2016,8053475328,4/29/2016,4,,
2408,30-04-2016,8053475328,4/30/2016,4,,
1886,05-01-2016,8053475328,05-01-2016,1,,
1988,05-02-2016,8053475328,05-02-2016,2,,
3023,05-03-2016,8053475328,05-03-2016,3,,
2918,05-04-2016,8053475328,05-04-2016,4,,
2950,05-05-2016,8053475328,05-05-2016,5,,
2859,05-06-2016,8053475328,05-06-2016,6,,
3331,05-07-2016,8053475328,05-07-2016,7,,
3589,05-08-2016,8053475328,05-08-2016,8,,
2765,05-09-2016,8053475328,05-09-2016,9,,
2926,05-10-2016,8053475328,05-10-2016,10,,
2809,05-11-2016,8053475328,05-11-2016,11,,
1505,05-12-2016,8053475328,05-12-2016,12,,
2044,04-12-2016,8253242879,04-12-2016,12,,
1935,13-04-2016,8253242879,4/13/2016,4,,
1705,14-04-2016,8253242879,4/14/2016,4,,
1632,15-04-2016,8253242879,4/15/2016,4,,
1880,16-04-2016,8253242879,4/16/2016,4,,
2112,17-04-2016,8253242879,4/17/2016,4,,
1829,18-04-2016,8253242879,4/18/2016,4,,
1763,19-04-2016,8253242879,4/19/2016,4,,
1931,20-04-2016,8253242879,4/20/2016,4,,
2218,21-04-2016,8253242879,4/21/2016,4,,
1651,22-04-2016,8253242879,4/22/2016,4,,
2132,23-04-2016,8253242879,4/23/2016,4,,
1976,24-04-2016,8253242879,4/24/2016,4,,
1909,25-04-2016,8253242879,4/25/2016,4,,
1813,26-04-2016,8253242879,4/26/2016,4,,
2008,27-04-2016,8253242879,4/27/2016,4,,
1580,28-04-2016,8253242879,4/28/2016,4,,
1854,29-04-2016,8253242879,4/29/2016,4,,
0,30-04-2016,8253242879,4/30/2016,4,,
3635,04-12-2016,8378563200,04-12-2016,12,,
4079,13-04-2016,8378563200,4/13/2016,4,,
4163,14-04-2016,8378563200,4/14/2016,4,,
3666,15-04-2016,8378563200,4/15/2016,4,,
3363,16-04-2016,8378563200,4/16/2016,4,,
2572,17-04-2016,8378563200,4/17/2016,4,,
4157,18-04-2016,8378563200,4/18/2016,4,,
4092,19-04-2016,8378563200,4/19/2016,4,,
3787,20-04-2016,8378563200,4/20/2016,4,,
4236,21-04-2016,8378563200,4/21/2016,4,,
4044,22-04-2016,8378563200,4/22/2016,4,,
2908,23-04-2016,8378563200,4/23/2016,4,,
2741,24-04-2016,8378563200,4/24/2016,4,,
4005,25-04-2016,8378563200,4/25/2016,4,,
3763,26-04-2016,8378563200,4/26/2016,4,,
3061,27-04-2016,8378563200,4/27/2016,4,,
2884,28-04-2016,8378563200,4/28/2016,4,,
2982,29-04-2016,8378563200,4/29/2016,4,,
2660,30-04-2016,8378563200,4/30/2016,4,,
3369,05-01-2016,8378563200,05-01-2016,1,,
3491,05-02-2016,8378563200,05-02-2016,2,,
3784,05-03-2016,8378563200,05-03-2016,3,,
3110,05-04-2016,8378563200,05-04-2016,4,,
3783,05-05-2016,8378563200,05-05-2016,5,,
3644,05-06-2016,8378563200,05-06-2016,6,,
2799,05-07-2016,8378563200,05-07-2016,7,,
2685,05-08-2016,8378563200,05-08-2016,8,,
3721,05-09-2016,8378563200,05-09-2016,9,,
3586,05-10-2016,8378563200,05-10-2016,10,,
3788,05-11-2016,8378563200,05-11-2016,11,,
1976,05-12-2016,8378563200,05-12-2016,12,,
2650,04-12-2016,8583815059,04-12-2016,12,,
2654,13-04-2016,8583815059,4/13/2016,4,,
2443,14-04-2016,8583815059,4/14/2016,4,,
2505,15-04-2016,8583815059,4/15/2016,4,,
2693,16-04-2016,8583815059,4/16/2016,4,,
2439,17-04-2016,8583815059,4/17/2016,4,,
2536,18-04-2016,8583815059,4/18/2016,4,,
2668,19-04-2016,8583815059,4/19/2016,4,,
2647,20-04-2016,8583815059,4/20/2016,4,,
2883,21-04-2016,8583815059,4/21/2016,4,,
2944,22-04-2016,8583815059,4/22/2016,4,,
3012,23-04-2016,8583815059,4/23/2016,4,,
2889,24-04-2016,8583815059,4/24/2016,4,,
2547,25-04-2016,8583815059,4/25/2016,4,,
3093,26-04-2016,8583815059,4/26/2016,4,,
3142,27-04-2016,8583815059,4/27/2016,4,,
2757,28-04-2016,8583815059,4/28/2016,4,,
3513,29-04-2016,8583815059,4/29/2016,4,,
3164,30-04-2016,8583815059,4/30/2016,4,,
2596,05-01-2016,8583815059,05-01-2016,1,,
2894,05-02-2016,8583815059,05-02-2016,2,,
3212,05-03-2016,8583815059,05-03-2016,3,,
2516,05-04-2016,8583815059,05-04-2016,4,,
3266,05-05-2016,8583815059,05-05-2016,5,,
2683,05-06-2016,8583815059,05-06-2016,6,,
2810,05-07-2016,8583815059,05-07-2016,7,,
2940,05-08-2016,8583815059,05-08-2016,8,,
2947,05-09-2016,8583815059,05-09-2016,9,,
2846,05-10-2016,8583815059,05-10-2016,10,,
2804,05-11-2016,8583815059,05-11-2016,11,,
0,05-12-2016,8583815059,05-12-2016,12,,
2044,04-12-2016,8792009665,04-12-2016,12,,
1934,13-04-2016,8792009665,4/13/2016,4,,
1963,14-04-2016,8792009665,4/14/2016,4,,
2009,15-04-2016,8792009665,4/15/2016,4,,
1721,16-04-2016,8792009665,4/16/2016,4,,
1688,17-04-2016,8792009665,4/17/2016,4,,
1688,18-04-2016,8792009665,4/18/2016,4,,
1688,19-04-2016,8792009665,4/19/2016,4,,
2188,20-04-2016,8792009665,4/20/2016,4,,
1720,21-04-2016,8792009665,4/21/2016,4,,
2419,22-04-2016,8792009665,4/22/2016,4,,
2748,23-04-2016,8792009665,4/23/2016,4,,
1799,24-04-2016,8792009665,4/24/2016,4,,
1688,25-04-2016,8792009665,4/25/2016,4,,
1928,26-04-2016,8792009665,4/26/2016,4,,
2067,27-04-2016,8792009665,4/27/2016,4,,
2780,28-04-2016,8792009665,4/28/2016,4,,
3101,29-04-2016,8792009665,4/29/2016,4,,
2896,30-04-2016,8792009665,4/30/2016,4,,
1962,05-01-2016,8792009665,05-01-2016,1,,
2015,05-02-2016,8792009665,05-02-2016,2,,
2297,05-03-2016,8792009665,05-03-2016,3,,
2067,05-04-2016,8792009665,05-04-2016,4,,
1688,05-05-2016,8792009665,05-05-2016,5,,
1688,05-06-2016,8792009665,05-06-2016,6,,
1688,05-07-2016,8792009665,05-07-2016,7,,
1688,05-08-2016,8792009665,05-08-2016,8,,
1688,05-09-2016,8792009665,05-09-2016,9,,
57,05-10-2016,8792009665,05-10-2016,10,,
3921,04-12-2016,8877689391,04-12-2016,12,,
3566,13-04-2016,8877689391,4/13/2016,4,,
3793,14-04-2016,8877689391,4/14/2016,4,,
3934,15-04-2016,8877689391,4/15/2016,4,,
4547,16-04-2016,8877689391,4/16/2016,4,,
3545,17-04-2016,8877689391,4/17/2016,4,,
2761,18-04-2016,8877689391,4/18/2016,4,,
3676,19-04-2016,8877689391,4/19/2016,4,,
3679,20-04-2016,8877689391,4/20/2016,4,,
3659,21-04-2016,8877689391,4/21/2016,4,,
3427,22-04-2016,8877689391,4/22/2016,4,,
3891,23-04-2016,8877689391,4/23/2016,4,,
3455,24-04-2016,8877689391,4/24/2016,4,,
3802,25-04-2016,8877689391,4/25/2016,4,,
2860,26-04-2016,8877689391,4/26/2016,4,,
3808,27-04-2016,8877689391,4/27/2016,4,,
3060,28-04-2016,8877689391,4/28/2016,4,,
2698,29-04-2016,8877689391,4/29/2016,4,,
4398,30-04-2016,8877689391,4/30/2016,4,,
2786,05-01-2016,8877689391,05-01-2016,1,,
2189,05-02-2016,8877689391,05-02-2016,2,,
2817,05-03-2016,8877689391,05-03-2016,3,,
3477,05-04-2016,8877689391,05-04-2016,4,,
3052,05-05-2016,8877689391,05-05-2016,5,,
4015,05-06-2016,8877689391,05-06-2016,6,,
4142,05-07-2016,8877689391,05-07-2016,7,,
2847,05-08-2016,8877689391,05-08-2016,8,,
3710,05-09-2016,8877689391,05-09-2016,9,,
2832,05-10-2016,8877689391,05-10-2016,10,,
3832,05-11-2016,8877689391,05-11-2016,11,,
1849,05-12-2016,8877689391,05-12-2016,12,,
